"","title.name","title.link","exclusive","cumulative_rank","Type","rating","AVG_Nmpaa_comp","AVG_Ngenre_comp","Holiday_distance","sequel","Drama","Comedy","Family","Action","Sci.Fi","Suspense","Romance","Other","mpaa_R_Restricted","mpaa_G_General_audiences","mpaa_PG_Parental_guidance_suggested","mpaa_PG13_Parents_strongly_cautioned","mpaa_NC17_Adults_only","mpaa_Not_Rated"
"1","10,000 BC","flixpatrol.com/title/10000-bc/",0,1,1,5.1,61,2,1,0,1,0,0,1,0,0,0,0,0,0,1,1,0,0
"2","12 Strong","flixpatrol.com/title/12-strong/",0,3,1,6.5,12.6666666666667,3.66666666666667,1,0,1,0,0,1,0,0,0,0,1,0,0,0,0,0
"3","17 Again","flixpatrol.com/title/17-again/",0,1,1,6.4,51,0,6,0,1,1,0,0,0,0,1,0,0,0,1,1,0,0
"4","1899","flixpatrol.com/title/1899/",1,2,0,7.4,19,1,1,0,1,0,0,0,1,1,0,0,0,0,0,0,1,0
"5","21","flixpatrol.com/title/21/",0,1,1,6.8,35,4,10,0,1,0,0,0,0,1,0,0,0,0,0,1,0,0
"6","21 Bridges","flixpatrol.com/title/21-bridges/",0,1,1,6.6,11,0,9,0,1,0,0,1,0,1,0,0,1,0,0,0,0,0
"7","21 Jump Street","flixpatrol.com/title/21-jump-street/",0,5,1,7.2,41.5,0,2,0,0,1,0,1,0,1,0,0,1,0,0,1,0,0
"8","300","flixpatrol.com/title/300/",0,1,1,7.6,8,1,2,0,1,0,0,1,0,0,0,0,1,0,0,0,0,0
"9","365 Days : This Day","flixpatrol.com/title/365-days-this-day/",1,1,1,2.6,23,3,5,0,1,0,0,0,0,0,1,0,0,0,0,0,1,0
"10","A Bad Moms Christmas","flixpatrol.com/title/a-bad-moms-christmas/",0,1,1,5.6,8,6,1,1,0,1,0,0,0,0,0,0,1,0,0,0,0,0
"11","A Jazzman's Blues","flixpatrol.com/title/a-jazzmans-blues/",1,2,1,6.7,16.5,7.5,9,0,1,0,0,0,0,0,0,0,1,0,0,0,0,0
"12","A Not So Merry Christmas","flixpatrol.com/title/a-not-so-merry-christmas/",1,1,1,4.8,19,6,1,0,0,1,0,0,0,0,0,0,0,0,0,0,1,0
"13","A Perfect Pairing","flixpatrol.com/title/a-perfect-pairing/",1,3,1,6.1,31.3333333333333,0,2,0,0,1,0,0,0,0,1,0,0,0,0,1,0,0
"14","A Walk Among the Tombstones","flixpatrol.com/title/a-walk-among-the-tombstones/",0,2,1,6.5,7,0.5,11,0,1,0,0,1,0,1,0,0,1,0,0,0,0,0
"15","After Ever Happy","flixpatrol.com/title/after-ever-happy/",0,1,1,4.5,7,3,0,1,1,0,0,0,0,0,1,0,1,0,0,0,0,0
"16","After We Fell","flixpatrol.com/title/after-we-fell/",0,1,1,4.7,12,1,3,0,1,0,0,0,0,0,1,0,1,0,0,0,0,0
"17","Against the Ice","flixpatrol.com/title/against-the-ice/",1,1,1,6.5,22,1,9,0,1,0,0,1,0,0,0,0,0,0,0,0,1,0
"18","Aileen Wuornos: American Boogeywoman","flixpatrol.com/title/aileen-wuornos-american-boogeywoman/",0,1,1,3.8,11,1,4,0,1,0,0,0,0,1,0,0,1,0,0,0,0,0
"19","Alba","flixpatrol.com/title/alba-2021/",1,1,0,6.4,20,3,2,0,1,0,0,0,0,0,0,0,0,0,0,0,1,0
"20","Alice in Borderland","flixpatrol.com/title/alice-in-borderland/",1,2,0,7.7,18,0,1,1,1,0,0,1,1,1,0,0,0,0,0,0,1,0
"21","All American","flixpatrol.com/title/all-american/",0,6,0,7.6,30.5,3,0,1,1,0,0,0,0,0,0,0,0,0,0,1,0,0
"22","All American: Homecoming","flixpatrol.com/title/all-american-homecoming/",0,3,0,6.2,29.3333333333333,3,1,0,1,0,0,0,0,0,0,0,0,0,0,1,0,0
"23","All of Us Are Dead","flixpatrol.com/title/all-of-us-are-dead/",1,5,0,7.5,21.4,0.2,4,0,1,0,0,1,1,1,0,0,0,0,0,0,1,0
"24","All Quiet on the Western Front","flixpatrol.com/title/all-quiet-on-the-western-front-2022/",1,2,1,8.1,23.5,2.5,4,0,1,0,0,0,0,0,0,0,0,0,1,0,0,0
"25","Alone","flixpatrol.com/title/alone-2015/",0,5,0,6.2,13.2,2,0,1,1,0,0,0,0,1,0,0,1,0,0,0,0,0
"26","Amandla","flixpatrol.com/title/amandla/",1,1,1,5.6,24,3,4,0,1,0,0,0,0,1,0,0,0,0,0,0,1,0
"27","Anatomy of a Scandal","flixpatrol.com/title/anatomy-of-a-scandal/",1,3,0,7,21.3333333333333,2.33333333333333,7,0,1,0,0,0,0,1,0,0,0,0,0,0,1,0
"28","Anchorman: The Legend of Ron Burgundy","flixpatrol.com/title/anchorman-the-legend-of-ron-burgundy/",0,1,1,7.1,66,9,0,0,0,1,0,0,0,0,0,0,0,0,1,1,0,1
"29","Ancient Apocalypse","flixpatrol.com/title/ancient-apocalypse-2022/",1,2,0,7.3,20,5.5,2,0,0,0,0,0,0,0,0,1,0,0,0,0,1,0
"30","Annabelle: Creation","flixpatrol.com/title/annabelle-creation/",0,2,1,6.5,11.5,1,3,0,0,0,0,0,0,1,0,0,1,0,0,0,0,0
"31","Archive 81","flixpatrol.com/title/archive-81/",1,3,0,7.3,21.3333333333333,0.333333333333333,2,0,1,0,0,0,1,1,0,0,0,0,0,0,1,0
"32","Backtrace","flixpatrol.com/title/backtrace/",0,2,1,3.8,11.5,1,2,0,1,0,0,1,0,1,0,0,1,0,0,0,0,0
"33","Bad Vegan: Fame. Fraud. Fugitives.","flixpatrol.com/title/bad-vegan-fame-fraud-fugitives/",1,2,0,5.9,19,3,11,0,0,0,0,0,0,1,0,0,0,0,0,0,1,0
"34","Barefoot","flixpatrol.com/title/barefoot-2017/",0,1,1,6.5,32,0,1,0,1,1,0,0,0,0,1,0,0,0,0,1,0,0
"35","Battleship","flixpatrol.com/title/battleship/",0,1,1,5.8,37,2,9,0,0,0,0,1,1,1,0,0,0,0,0,1,0,0
"36","Ben Is Back","flixpatrol.com/title/ben-is-back/",0,1,1,6.7,10,3,1,0,1,0,0,0,0,0,0,0,1,0,0,0,0,0
"37","Better Call Saul","flixpatrol.com/title/better-call-saul/",0,3,0,8.9,52.3333333333333,16,8,1,1,0,0,0,0,1,0,0,0,0,0,1,1,0
"38","Big Mouth","flixpatrol.com/title/big-mouth-2022/",0,2,0,7.9,50.5,0,4,1,0,1,1,0,0,0,1,0,0,0,0,1,1,0
"39","Black Crab","flixpatrol.com/title/black-crab/",1,2,1,5.7,19,1,11,0,1,0,0,1,1,1,0,0,0,0,0,0,1,0
"40","Blackhat","flixpatrol.com/title/blackhat/",0,2,1,5.4,12.5,3.5,7,0,0,0,0,1,0,1,0,0,1,0,0,0,0,0
"41","Blackout","flixpatrol.com/title/blackout-2022/",0,2,1,3.8,19.5,2.5,6,0,0,0,0,1,0,1,0,0,0,0,0,0,1,0
"42","Blade of the 47 Ronin","flixpatrol.com/title/blade-of-the-47-ronin/",0,1,1,4.7,15,3,4,1,1,0,0,1,0,0,0,0,1,0,0,0,0,0
"43","Blade Runner 2049","flixpatrol.com/title/blade-runner-2049/",0,2,1,8,30,1,10,0,1,0,0,1,1,1,0,0,1,0,0,0,1,0
"44","Blade: Trinity","flixpatrol.com/title/blade-trinity/",0,1,1,5.8,74,20,9,1,0,0,0,1,1,0,0,0,1,0,0,1,1,1
"45","Bling Empire","flixpatrol.com/title/bling-empire/",1,2,0,5.8,37,6.5,3,1,0,0,0,0,0,0,0,1,0,0,0,0,1,0
"46","Bling Ring: Hollywood Heist","flixpatrol.com/title/bling-ring-hollywood-heist/",1,2,0,5.7,20.5,2.5,9,0,0,0,0,0,0,1,0,0,0,0,0,0,1,0
"47","Blonde","flixpatrol.com/title/blonde/",1,2,1,5.5,16.5,1,8,0,1,0,0,0,0,0,1,0,0,0,0,0,1,0
"48","Blow","flixpatrol.com/title/blow/",0,1,1,7.5,7,7,8,0,1,0,0,0,0,1,0,0,1,0,0,0,0,0
"49","Borrego","flixpatrol.com/title/borrego/",0,1,1,5.3,10,4,2,0,0,0,0,0,0,1,0,0,1,0,0,0,0,0
"50","Brahms: The Boy II","flixpatrol.com/title/brahms-the-boy-ii/",0,1,1,4.7,34,3,1,1,1,0,0,0,0,1,0,0,0,0,0,1,0,0
"51","Brazen","flixpatrol.com/title/brazen/",0,2,1,4.1,37,0,2,0,1,0,0,0,0,1,1,0,0,0,0,1,0,0
"52","Bridgerton","flixpatrol.com/title/bridgerton/",1,8,0,7.4,21.125,4.25,10,0,1,0,0,0,0,0,1,0,0,0,0,0,1,0
"53","Bullet Train","flixpatrol.com/title/bullet-train/",0,5,1,7.3,9.75,0,2,0,0,1,0,1,0,1,0,0,1,0,0,0,0,0
"54","Bullsh*t the Game Show","flixpatrol.com/title/bullsht-the-game-show/",1,2,0,6.2,34.5,4.5,5,0,0,0,0,0,0,0,0,1,0,0,0,1,0,0
"55","Burnt","flixpatrol.com/title/burnt/",0,1,1,6.6,11,4,2,1,1,1,0,0,0,0,0,0,1,0,0,0,0,0
"56","Call the Midwife","flixpatrol.com/title/call-the-midwife/",0,1,0,8.6,52,10,9,1,1,0,0,0,0,0,0,0,0,0,1,1,0,0
"57","Can You Keep a Secret?","flixpatrol.com/title/can-you-keep-a-secret/",0,1,1,5.3,18,0,5,0,0,1,0,0,0,0,1,0,0,0,0,0,1,0
"58","Captain Phillips","flixpatrol.com/title/captain-phillips/",0,1,1,7.8,25,2,2,0,1,0,0,1,0,1,0,0,0,0,0,1,0,0
"59","Capturing the Killer Nurse","flixpatrol.com/title/capturing-the-killer-nurse/",1,1,1,6.4,22,2,1,0,0,0,0,0,0,1,0,0,0,0,0,1,0,0
"60","Carter","flixpatrol.com/title/carter/",1,2,1,7.3,29,3.5,4,0,1,0,0,0,0,0,0,0,0,0,0,1,0,0
"61","Catch and Release","flixpatrol.com/title/catch-and-release/",0,2,1,5.9,32,1,8,0,1,1,0,0,0,0,1,0,0,0,0,1,0,0
"62","Catching Killers","flixpatrol.com/title/catching-killers/",1,2,0,7.1,22,0,6,1,0,0,0,0,0,1,0,0,0,0,0,0,1,0
"63","Charlie and the Chocolate Factory","flixpatrol.com/title/charlie-and-the-chocolate-factory/",0,6,1,6.7,70,1,1,0,0,1,1,1,0,0,0,0,0,1,1,1,0,0
"64","Cheer","flixpatrol.com/title/cheer/",1,3,0,8.1,21.3333333333333,3,2,1,0,0,0,0,0,0,0,1,0,0,0,0,1,0
"65","Chickenhare and the Hamster of Darkness","flixpatrol.com/title/chickenhare-and-the-hamster-of-darkness/",0,2,1,6.3,25,9.5,2,0,0,1,1,1,0,0,0,0,0,0,1,0,0,0
"66","CHiPS","flixpatrol.com/title/chips/",0,2,1,6.4,59,7.5,1,0,1,0,0,0,0,1,0,0,0,1,1,1,0,0
"67","Choose or Die","flixpatrol.com/title/choose-or-die/",1,2,1,4.8,20.5,2.5,7,0,1,0,0,0,0,1,0,0,0,0,0,0,1,0
"68","Christmas with You","flixpatrol.com/title/christmas-with-you/",1,2,1,5.6,28,0,1,0,0,1,1,0,0,0,1,0,0,0,1,0,0,0
"69","Cleaner","flixpatrol.com/title/cleaner-2020/",0,3,1,6.1,10,2.33333333333333,7,0,0,0,0,0,0,1,0,0,1,0,0,0,0,0
"70","Coach Carter","flixpatrol.com/title/coach-carter/",0,1,1,7.3,35,9,10,0,1,0,0,0,0,0,0,0,0,0,0,1,0,0
"71","Cobra Kai","flixpatrol.com/title/cobra-kai/",1,4,0,8.5,113.142857142857,0,1,1,1,1,0,1,0,0,0,0,0,0,1,1,0,0
"73","Collateral","flixpatrol.com/title/collateral/",0,1,1,7.5,12,2,8,0,1,0,0,1,0,1,0,0,1,0,0,0,0,0
"74","Collision","flixpatrol.com/title/collision-2022/",1,1,1,7.5,27,5,2,0,1,0,0,0,0,1,0,0,0,0,1,0,0,0
"75","Conversations with a Killer: The Jeffrey Dahmer Tapes","flixpatrol.com/title/conversations-with-a-killer-the-jeffrey-dahmer-tapes/",1,2,0,7.3,17,2,7,0,0,0,0,0,0,1,0,0,0,0,0,0,1,0
"76","Conversations with a Killer: The John Wayne Gacy Tapes","flixpatrol.com/title/conversations-with-a-killer-the-john-wayne-gacy-tapes/",1,3,0,7.1,19.6666666666667,2.33333333333333,6,0,0,0,0,0,0,1,0,0,0,0,0,0,1,0
"77","Countdown","flixpatrol.com/title/countdown-2019/",0,1,1,5.4,26,3,5,0,0,0,0,0,0,1,0,0,0,0,0,1,0,0
"78","Crime Scene: The Texas Killing Fields","flixpatrol.com/title/crime-scene-the-texas-killing-fields/",1,2,0,6.6,15,1,2,0,0,0,0,0,0,1,0,0,0,0,0,0,1,0
"79","D.B. Cooper: Where Are You?!","flixpatrol.com/title/db-cooper-where-are-you/",1,1,0,5.4,32,3,1,0,0,0,0,0,0,1,0,0,0,0,0,1,0,0
"80","Dahmer – Monster: The Jeffrey Dahmer Story","flixpatrol.com/title/dahmer-monster-the-jeffrey-dahmer-story/",1,6,0,7.9,19.6666666666667,2.83333333333333,9,0,1,0,0,0,0,1,0,0,0,0,0,0,1,0
"81","Dark Shadows","flixpatrol.com/title/dark-shadows/",0,1,1,6.2,37,3,1,0,0,1,0,0,0,0,0,0,0,0,0,1,0,0
"82","Dated and Related","flixpatrol.com/title/dated-and-related/",1,1,0,4.6,24,7,9,0,0,0,0,0,0,0,0,1,0,0,0,0,1,0
"83","Day Shift","flixpatrol.com/title/day-shift/",1,3,1,6.1,10.6666666666667,0.333333333333333,5,0,0,1,0,1,0,1,0,0,1,0,0,0,0,0
"84","Dead to Me","flixpatrol.com/title/dead-to-me/",1,4,0,8,17.6666666666667,0,1,1,1,1,0,0,0,1,0,0,0,0,0,0,1,0
"85","Den of Thieves","flixpatrol.com/title/den-of-thieves/",0,3,1,7,43.3333333333333,4,4,0,1,0,0,1,0,1,0,0,1,0,0,1,0,0
"86","Despicable Me","flixpatrol.com/title/despicable-me/",0,7,1,7.6,29,1.42857142857143,5,0,0,1,1,1,1,1,0,0,0,1,1,0,0,0
"87","Despicable Me 2","flixpatrol.com/title/despicable-me-2/",0,13,1,7.3,30.1538461538462,1.23076923076923,5,1,0,1,1,1,1,1,0,0,0,1,1,0,0,0
"88","Devil in Ohio","flixpatrol.com/title/devil-in-ohio/",1,4,0,5.9,23.75,2.25,8,0,1,0,0,0,0,1,0,0,0,0,0,0,1,0
"89","Disappearance at Clifton Hill","flixpatrol.com/title/disappearance-at-clifton-hill/",0,1,1,5.4,3,4,0,0,1,0,0,0,0,1,0,0,0,0,0,0,0,1
"90","Do Revenge","flixpatrol.com/title/do-revenge/",1,3,1,6.3,21.3333333333333,4.66666666666667,10,0,0,1,0,0,0,0,0,0,0,0,0,0,1,0
"91","Don't Look Up","flixpatrol.com/title/dont-look-up-2021/",1,6,1,7.2,9.75,0,1,0,1,1,0,0,1,0,0,0,1,0,0,0,0,0
"92","Downfall: The Case Against Boeing","flixpatrol.com/title/downfall-the-case-against-boeing/",1,1,1,7.4,39,6,8,0,0,0,0,0,0,0,0,1,0,0,0,1,0,0
"93","Dracula Untold","flixpatrol.com/title/dracula-untold/",0,1,1,6.2,27,2,5,0,1,0,0,1,0,0,0,0,0,0,0,1,0,0
"94","Drink Masters","flixpatrol.com/title/drink-masters/",1,1,0,6.7,24,2,3,0,0,0,0,0,0,0,0,1,0,0,0,0,1,0
"95","Dumb and Dumber","flixpatrol.com/title/dumb-and-dumber/",0,1,1,7.3,35,6,1,0,0,1,0,0,0,0,0,0,0,0,0,1,0,1
"96","Dynasty","flixpatrol.com/title/dynasty-2017/",1,2,0,7.3,27.5,5,8,1,1,0,0,0,0,0,0,0,0,0,0,1,0,0
"97","Echoes","flixpatrol.com/title/echoes/",1,4,0,5.9,24.75,2,6,0,1,0,0,0,0,1,0,0,0,0,0,0,1,0
"98","El Rey, Vicente Fernández","flixpatrol.com/title/el-rey-vicente-fernandez/",1,4,0,7.3,31.25,6,10,0,1,0,0,0,0,0,0,0,0,0,0,1,0,0
"99","Elysium","flixpatrol.com/title/elysium/",0,1,1,6.6,18,2,8,0,1,0,0,1,1,1,0,0,1,0,0,0,0,0
"100","Emily in Paris","flixpatrol.com/title/emily-in-paris/",1,4,0,6.9,17,1,1,1,1,1,0,0,0,0,1,0,0,0,0,0,1,0
"101","Emily the Criminal","flixpatrol.com/title/emily-the-criminal/",0,2,1,6.7,12,2.5,2,0,1,0,0,0,0,1,0,0,1,0,0,0,0,0
"102","End of the Road","flixpatrol.com/title/end-of-the-road/",1,2,1,4.8,11,1,9,0,1,0,0,1,0,1,0,0,1,0,0,0,0,0
"103","Endless Love","flixpatrol.com/title/endless-love-2017/",0,1,1,4.9,7,1,6,0,1,0,0,0,0,0,1,0,1,0,0,0,0,0
"104","Enola Holmes","flixpatrol.com/title/enola-holmes/",1,1,1,6.6,25,2,2,0,1,0,0,1,0,1,0,0,0,0,0,1,0,0
"105","Enola Holmes 2","flixpatrol.com/title/enola-holmes-2/",1,3,1,6.7,24.6666666666667,2,3,1,1,0,0,1,0,1,0,0,0,0,0,1,0,0
"106","Extraordinary Attorney Woo","flixpatrol.com/title/extraordinary-attorney-woo/",1,2,0,8.7,30,3.5,4,0,1,0,0,0,0,0,0,0,0,0,0,1,0,0
"107","F*ck Love Too","flixpatrol.com/title/fck-love-too/",1,1,1,3.8,22,0,1,0,0,1,0,0,0,0,1,0,0,0,0,0,1,0
"108","Falling for Christmas","flixpatrol.com/title/falling-for-christmas/",1,3,1,5.2,26.6666666666667,0.666666666666667,2,0,0,1,0,0,0,0,1,0,0,0,1,0,0,0
"109","Family Reunion","flixpatrol.com/title/family-reunion/",1,1,0,6.6,23,2,4,1,0,1,1,0,0,0,0,0,0,0,1,0,0,0
"110","Fate: The Winx Saga","flixpatrol.com/title/fate-the-winx-saga/",1,3,0,6.8,21.3333333333333,4.33333333333333,10,1,1,0,0,1,0,0,0,0,0,0,0,0,1,0
"111","Father Stu","flixpatrol.com/title/father-stu/",0,3,1,6.5,46.6666666666667,14,10,0,1,0,0,0,0,0,0,0,1,0,0,1,0,0
"112","Final Score","flixpatrol.com/title/final-score/",0,1,1,5.8,16,2,0,0,1,0,0,1,0,1,0,0,1,0,0,0,0,0
"113","Firefly Lane","flixpatrol.com/title/firefly-lane/",1,5,0,7.4,17,3.25,2,1,1,0,0,0,0,0,1,0,0,0,0,0,1,0
"114","First Kill","flixpatrol.com/title/first-kill-2022/",1,2,0,5.9,8,6,1,0,1,0,0,0,0,1,0,0,1,0,0,0,0,0
"115","First Sunday","flixpatrol.com/title/first-sunday/",0,2,1,4.5,39,1.5,1,0,1,1,0,0,0,1,0,0,0,0,0,1,0,0
"116","Fistful of Vengeance","flixpatrol.com/title/fistful-of-vengeance/",1,1,1,4.4,22,0,7,0,1,0,0,1,0,1,0,0,0,0,0,0,1,0
"117","Flight","flixpatrol.com/title/flight/",0,1,1,7.3,37,4,5,0,1,0,0,0,0,1,0,0,1,0,0,0,1,0
"118","Forgetting Sarah Marshall","flixpatrol.com/title/forgetting-sarah-marshall/",0,1,1,7.1,46,8,3,0,1,1,0,0,0,0,1,0,1,0,0,1,0,0
"119","Forrest Gump","flixpatrol.com/title/forrest-gump/",0,2,1,8.8,62,7,4,0,1,0,0,0,0,0,1,0,0,0,1,1,0,0
"120","Four Brothers","flixpatrol.com/title/four-brothers/",0,2,1,6.8,7,0.5,8,0,1,0,0,1,0,1,0,0,1,0,0,0,0,0
"121","Friday","flixpatrol.com/title/friday-2016/",0,1,1,7.2,49,8,10,0,1,1,0,0,0,0,0,0,1,0,0,1,0,0
"122","From Scratch","flixpatrol.com/title/from-scratch/",1,5,0,7.9,21.4,3,5,0,1,0,0,0,0,0,0,0,0,0,0,0,1,0
"123","Gabriel Iglesias: Stadium Fluffy Live From Los Angeles","flixpatrol.com/title/gabriel-iglesias-stadium-fluffy-live-from-los-angeles/",1,1,0,7.1,21,1,5,0,0,1,0,0,0,0,0,0,0,0,0,0,1,0
"124","Get Organized with The Home Edit","flixpatrol.com/title/get-organized-with-the-home-edit/",1,2,0,5.5,24.5,8,9,1,0,0,0,0,0,0,0,1,0,0,1,0,0,0
"125","Ghislaine Maxwell: Filthy Rich","flixpatrol.com/title/ghislaine-maxwell-filthy-rich/",1,1,1,6,19,0,0,0,0,0,0,0,0,1,0,0,0,0,0,0,1,0
"126","Girl in the Picture","flixpatrol.com/title/girl-in-the-picture/",1,3,1,7.2,23,2.33333333333333,0,0,0,0,0,0,0,1,0,0,0,0,0,0,1,0
"127","Glass Onion: A Knives Out Mystery","flixpatrol.com/title/glass-onion-a-knives-out-mystery/",1,2,1,7.2,32,0,1,1,1,1,0,0,0,1,0,0,0,0,0,1,0,0
"128","Glow Up: Britain's Next Make-Up Star","flixpatrol.com/title/glow-up-britains-next-make-up-star/",1,1,0,6.9,30,8,7,1,0,0,0,0,0,0,0,1,0,0,0,1,0,0
"129","God's Favorite Idiot","flixpatrol.com/title/gods-favorite-idiot/",1,2,0,5.7,22.5,2.5,2,0,0,1,0,0,0,0,0,0,0,0,0,0,1,0
"130","Good Girls","flixpatrol.com/title/good-girls/",1,4,0,7.7,37,0,10,1,1,1,0,0,0,1,0,0,0,0,0,1,0,0
"131","Grace and Frankie","flixpatrol.com/title/grace-and-frankie/",1,3,0,8.2,21.6666666666667,3,5,1,0,1,0,0,0,0,0,0,0,0,0,0,1,0
"132","Guillermo del Toro's Cabinet of Curiosities","flixpatrol.com/title/guillermo-del-toros-cabinet-of-curiosities/",1,2,0,7,23,4,4,0,1,0,0,0,0,1,0,0,0,0,0,0,1,0
"133","Guillermo del Toro's Pinocchio","flixpatrol.com/title/guillermo-del-toros-pinocchio/",1,2,1,7.6,25.5,0,2,0,1,0,1,0,0,0,0,0,0,0,1,0,0,0
"134","Halftime","flixpatrol.com/title/halftime/",1,2,1,6.5,22.5,4,2,0,0,0,0,0,0,0,0,1,0,0,0,0,1,0
"135","Halloween","flixpatrol.com/title/halloween/",0,1,1,7.7,74,0,8,0,0,0,0,0,0,1,0,0,1,0,0,1,1,0
"136","Happy Gilmore","flixpatrol.com/title/happy-gilmore/",0,3,1,7,60.6666666666667,4.66666666666667,4,0,0,1,0,0,0,0,0,0,0,0,1,1,0,0
"137","Harry & Meghan","flixpatrol.com/title/harry-meghan/",1,4,0,4.9,17,7.25,2,0,0,0,0,0,0,0,0,1,0,0,0,0,1,0
"138","Heartland","flixpatrol.com/title/heartland/",0,2,0,8.5,58,0,9,1,1,0,1,0,0,0,0,0,0,0,1,1,0,0
"139","High Heat","flixpatrol.com/title/high-heat/",1,3,0,4.8,11,0.333333333333333,6,0,0,1,0,1,0,1,0,0,1,0,0,0,0,0
"140","High Water","flixpatrol.com/title/high-water/",1,1,0,7.6,16,3,7,0,1,0,0,0,0,1,0,0,1,0,0,0,0,0
"141","Home Team","flixpatrol.com/title/home-team/",1,3,1,6,25,3.66666666666667,4,0,0,1,0,0,0,0,0,0,0,0,1,0,0,0
"142","Honeymoon with My Mother","flixpatrol.com/title/honeymoon-with-my-mother/",1,1,1,5.8,23,2,4,0,0,1,0,0,0,0,0,0,0,0,0,0,1,0
"143","Hop","flixpatrol.com/title/hop/",0,1,1,5.4,44,18,7,0,0,1,1,1,0,0,0,0,0,1,1,0,0,0
"144","Hotel Transylvania 2","flixpatrol.com/title/hotel-transylvania-2/",0,2,1,6.6,35.5,11,3,1,0,1,1,1,0,0,0,0,0,1,1,0,0,0
"145","How It Ends","flixpatrol.com/title/how-it-ends-2021/",0,2,1,5.2,11.5,0.5,6,0,1,1,0,0,0,0,0,0,1,0,0,0,0,0
"146","Human Resources","flixpatrol.com/title/human-resources-2022/",1,2,0,7.2,19,0,11,0,0,1,1,0,0,0,1,0,0,0,0,0,1,0
"147","Hustle","flixpatrol.com/title/hustle-2022/",1,4,1,7.3,9.75,4.25,1,1,1,1,0,0,0,0,0,0,1,0,0,0,0,0
"148","Hype House","flixpatrol.com/title/hype-house/",1,1,0,1.9,17,3,2,0,0,0,0,0,0,0,0,1,0,0,0,0,1,0
"149","I Am a Killer","flixpatrol.com/title/i-am-a-killer/",1,2,0,7.4,20,1.66666666666667,8,1,0,0,0,0,0,1,0,0,0,0,0,0,1,0
"150","I Am a Stalker","flixpatrol.com/title/i-am-a-stalker/",1,2,0,6.4,23,8.5,4,0,0,0,0,0,0,1,0,0,0,0,0,0,1,0
"151","I Am Vanessa Guillen","flixpatrol.com/title/i-am-vanessa-guillen/",1,1,1,6.3,22,2,1,0,0,0,0,0,0,1,0,0,0,0,0,1,0,0
"152","I Believe in Santa","flixpatrol.com/title/i-believe-in-santa/",1,2,1,4.4,25.5,2.5,2,0,0,1,0,0,0,0,1,0,0,0,1,0,0,0
"153","I Came By","flixpatrol.com/title/i-came-by/",1,2,1,6.1,24,2,8,0,0,0,0,0,0,1,0,0,0,0,0,0,1,0
"154","I Just Killed My Dad","flixpatrol.com/title/i-just-killed-my-dad/",1,1,0,6.7,26,1,5,0,0,0,0,0,0,1,0,0,0,0,0,0,1,0
"155","I Survived a Crime","flixpatrol.com/title/i-survived-a-crime/",0,1,0,6.4,3,2,9,0,0,0,0,0,0,1,0,0,0,0,0,0,0,1
"156","In From the Cold","flixpatrol.com/title/in-from-the-cold/",1,2,0,6.3,21,0,4,0,1,0,0,1,1,1,0,0,0,0,0,0,1,0
"157","In Good Hands","flixpatrol.com/title/in-good-hands/",1,1,1,5.7,21,4,10,0,1,1,0,0,0,0,1,0,0,0,0,0,1,0
"158","In the Dark","flixpatrol.com/title/in-the-dark-2019/",0,3,0,7.5,32.3333333333333,1,10,1,0,0,0,1,0,1,0,0,0,0,0,1,0,0
"159","Indian Matchmaking","flixpatrol.com/title/indian-matchmaking/",1,1,0,6.2,29,3,5,1,0,0,0,0,0,0,1,0,0,0,0,1,0,0
"160","Inheritance","flixpatrol.com/title/inheritance-2020/",0,2,1,5.5,16.5,3.5,8,0,1,0,0,0,0,1,0,0,0,0,0,0,1,0
"161","Inside Man","flixpatrol.com/title/inside-man-2022/",1,2,0,6.6,22.5,1,3,0,1,0,0,0,0,1,0,0,0,0,0,0,1,0
"162","Instant Dream Home","flixpatrol.com/title/instant-dream-home/",1,1,0,6.4,14,7,6,0,0,0,0,0,0,0,0,1,0,1,0,0,0,0
"163","Interceptor","flixpatrol.com/title/interceptor/",1,3,1,4.6,23.6666666666667,1.33333333333333,0,0,1,0,0,1,0,1,0,0,0,0,0,0,1,0
"164","Inventing Anna","flixpatrol.com/title/inventing-anna/",1,10,0,6.8,20.9,8.2,6,0,1,0,0,0,0,0,0,0,0,0,0,0,1,0
"165","Iron Chef: Quest for an Iron Legend","flixpatrol.com/title/iron-chef-quest-for-an-iron-legend/",1,1,0,7.1,12,3,2,0,0,0,0,0,0,0,0,1,0,1,0,0,0,0
"166","Is It Cake?","flixpatrol.com/title/is-it-cake/",1,4,0,5.8,26.75,6.5,11,0,0,0,0,0,0,0,0,1,0,0,1,0,0,0
"167","It","flixpatrol.com/title/it/",0,3,1,7.3,33.3333333333333,8,2,0,0,0,0,0,0,0,0,1,1,0,0,0,1,0
"168","Jackass 4.5","flixpatrol.com/title/jackass-45/",0,2,1,6.5,21.5,0,2,1,0,1,0,1,0,0,0,0,0,0,0,0,1,0
"169","jeen-yuhs: A Kanye Trilogy","flixpatrol.com/title/jeen-yuhs-a-kanye-trilogy/",1,3,0,8,21.6666666666667,5,7,0,0,0,0,0,0,0,0,1,0,0,0,0,1,0
"170","Journey 2: The Mysterious Island","flixpatrol.com/title/journey-2-the-mysterious-island/",0,4,1,5.7,26,0,1,1,0,1,1,1,1,0,0,0,0,0,1,0,0,0
"171","Just Go with It","flixpatrol.com/title/just-go-with-it/",0,4,1,6.4,34.5,1.75,1,0,0,1,0,0,0,0,1,0,0,0,0,1,0,0
"172","Just Like Heaven","flixpatrol.com/title/just-like-heaven/",0,1,1,6.7,61,6,9,0,1,1,0,0,0,0,1,0,0,0,1,1,0,0
"173","Keep Breathing","flixpatrol.com/title/keep-breathing/",1,3,0,5.3,25.3333333333333,3.33333333333333,3,0,1,0,0,1,0,1,0,0,0,0,0,0,1,0
"174","Keep Sweet: Pray and Obey","flixpatrol.com/title/keep-sweet-pray-and-obey/",1,2,0,7.3,24.5,1,1,0,0,0,0,0,0,1,0,0,0,0,0,0,1,0
"175","Killer Sally","flixpatrol.com/title/killer-sally/",1,2,0,6.7,22.5,8.5,3,0,0,0,0,0,0,1,0,0,0,0,0,0,1,0
"176","Kung Fu Panda 3","flixpatrol.com/title/kung-fu-panda-3/",0,2,1,7.1,23,8.5,5,1,0,1,1,1,0,0,0,0,0,0,1,0,0,0
"177","Lady Chatterley's Lover","flixpatrol.com/title/lady-chatterleys-lover-2022/",1,2,1,6.6,13,3,2,0,1,0,0,0,0,0,1,0,1,0,0,0,0,0
"178","Last Chance U: Basketball","flixpatrol.com/title/last-chance-u-basketball/",1,1,0,8.3,17,4,2,1,0,0,0,0,0,0,0,1,0,0,0,0,1,0
"179","Last Man Down","flixpatrol.com/title/last-man-down/",0,1,1,3.6,11,7,7,0,0,0,0,1,1,0,0,0,1,0,0,0,0,0
"180","Last Seen Alive","flixpatrol.com/title/last-seen-alive/",0,4,1,5.6,14.75,3.5,8,0,1,0,0,1,0,1,0,0,1,0,0,0,0,0
"181","Leave No Trace","flixpatrol.com/title/leave-no-trace-2022/",0,1,1,7.1,20,3,0,0,1,0,0,1,0,0,0,0,0,0,1,0,0,0
"182","Legacies","flixpatrol.com/title/legacies/",0,2,0,7.3,25.5,2,1,1,1,0,0,1,0,1,0,0,0,0,0,1,0,0
"183","Life After Death with Tyler Henry","flixpatrol.com/title/life-after-death-with-tyler-henry/",1,2,0,6.1,18.5,6,10,0,0,0,0,0,0,0,0,1,0,0,0,0,1,0
"184","Locke & Key","flixpatrol.com/title/locke-key/",1,2,0,7.3,30,1,5,1,1,0,0,0,0,1,0,0,0,0,0,1,0,0
"185","London Has Fallen","flixpatrol.com/title/london-has-fallen/",0,2,1,5.9,7,3.5,11,1,0,0,0,1,0,1,0,0,1,0,0,0,0,0
"186","Look Both Ways","flixpatrol.com/title/look-both-ways/",0,3,1,6.3,28.6666666666667,2,6,0,1,1,0,0,0,0,1,0,0,0,0,1,0,0
"187","Lou","flixpatrol.com/title/lou-2022/",1,2,1,6.1,16.5,1,9,0,1,0,0,1,0,1,0,0,1,0,0,0,0,0
"188","Love & Gelato","flixpatrol.com/title/love-gelato/",1,2,1,5.1,31.5,1.5,2,0,1,1,0,0,0,0,1,0,0,0,0,1,0,0
"189","Love in the Villa","flixpatrol.com/title/love-in-the-villa/",1,2,1,5.4,29,0,8,0,0,1,0,0,0,0,1,0,0,0,0,1,0,0
"190","Love Is Blind","flixpatrol.com/title/love-is-blind-2020/",1,8,0,6.1,21.2142857142857,0.642857142857143,6,1,0,0,0,0,0,0,1,0,0,0,0,0,1,0
"191","Love Island","flixpatrol.com/title/love-island-2019/",0,2,0,5.2,15,0,2,0,0,0,0,0,0,0,1,0,0,0,0,0,1,0
"192","Love on the Spectrum U.S.","flixpatrol.com/title/love-on-the-spectrum-us/",1,2,0,8.2,32,3,2,0,1,1,0,0,0,0,1,0,0,0,0,1,0,0
"193","Loving Adults","flixpatrol.com/title/loving-adults/",0,1,1,6.5,24,2,8,0,1,0,0,0,0,1,0,0,0,0,0,0,1,0
"194","Luckiest Girl Alive","flixpatrol.com/title/luckiest-girl-alive/",1,4,1,6.4,14,4,7,0,1,0,0,0,0,1,0,0,1,0,0,0,0,0
"195","Manifest","flixpatrol.com/title/manifest/",1,11,0,7.1,24,1,3,1,1,0,0,0,1,1,0,0,0,0,0,1,0,0
"196","Marmaduke","flixpatrol.com/title/marmaduke-2022/",1,2,1,3.1,26,7,3,0,0,1,1,1,0,0,0,0,0,0,1,0,0,0
"197","Married At First Sight","flixpatrol.com/title/married-at-first-sight-2017/",0,4,0,6.2,33.25,0,7,1,0,0,0,0,0,0,1,0,0,0,0,1,0,0
"198","Me Time","flixpatrol.com/title/me-time/",1,3,1,5.1,12.6666666666667,3.33333333333333,7,0,0,1,0,0,0,0,0,0,1,0,0,0,0,0
"199","Mean Girls","flixpatrol.com/title/mean-girls/",0,3,1,7.1,27.6666666666667,1.66666666666667,0,0,0,1,0,0,0,0,0,0,0,0,0,1,0,0
"200","Megamind","flixpatrol.com/title/megamind/",0,2,1,7.3,36,4,6,0,0,1,1,1,1,1,0,0,0,1,1,0,0,0
"201","Meltdown: Three Mile Island","flixpatrol.com/title/meltdown-three-mile-island/",1,1,0,6.8,36,4,4,0,0,0,0,0,0,0,0,1,0,0,0,1,0,0
"202","Men in Black 3","flixpatrol.com/title/men-in-black-3/",0,1,1,6.8,29,1,4,1,0,1,0,1,1,0,0,0,0,0,0,1,0,0
"203","Mile 22","flixpatrol.com/title/mile-22/",0,1,1,6.1,12,1,2,0,0,0,0,1,0,1,0,0,1,0,0,0,0,0
"204","Minions & More Volume 2","flixpatrol.com/title/minions-more-volume-2/",0,1,1,6.4,24,6,2,1,0,1,1,1,0,0,0,0,0,0,1,0,0,0
"205","Minions & More: Volume 1","flixpatrol.com/title/minions-more-volume-1/",0,1,1,6.5,21,6,9,0,0,1,1,1,0,0,0,0,0,0,1,0,0,0
"206","Mission: Impossible","flixpatrol.com/title/mission-impossible/",0,1,1,7.7,34,3,1,0,0,0,0,1,0,1,0,0,0,0,0,1,0,0
"207","Mission: Impossible - Ghost Protocol","flixpatrol.com/title/mission-impossible-ghost-protocol/",0,2,1,7.4,32.5,2.5,1,1,0,0,0,1,0,1,0,0,0,0,0,1,0,0
"208","Mo","flixpatrol.com/title/mo/",1,1,0,7.6,23,2,7,0,1,1,0,0,0,0,0,0,0,0,0,0,1,0
"209","Molly's Game","flixpatrol.com/title/mollys-game/",0,1,1,7.4,7,7,8,0,1,0,0,0,0,1,0,0,1,0,0,0,0,0
"210","Monster-in-Law","flixpatrol.com/title/monster-in-law/",0,1,1,5.5,32,1,8,0,0,1,0,0,0,0,1,0,0,0,0,1,0,0
"211","Morbius","flixpatrol.com/title/morbius/",0,2,1,5.2,36,2.5,9,0,0,0,0,1,1,1,0,0,0,0,0,1,0,0
"212","Mr. & Mrs. Smith","flixpatrol.com/title/mr-mrs-smith/",0,1,1,6.5,34,2,7,0,0,1,0,1,0,1,0,0,0,0,0,1,0,1
"213","Mr. Harrigan's Phone","flixpatrol.com/title/mr-harrigans-phone/",1,2,1,6,27.5,4,7,0,1,0,0,0,0,1,0,0,0,0,0,1,0,0
"214","Munich: The Edge of War","flixpatrol.com/title/munich-the-edge-of-war/",1,1,1,6.8,27,1,4,0,1,0,0,0,0,1,0,0,0,0,0,1,0,0
"215","My Father's Violin","flixpatrol.com/title/my-fathers-violin/",1,1,1,6.4,27,8,4,0,1,0,0,0,0,0,0,0,0,0,0,1,0,0
"216","My Name Is Vendetta","flixpatrol.com/title/my-name-is-vendetta/",1,2,1,5.5,15,1,2,0,1,0,0,1,0,1,0,0,0,0,0,0,1,0
"217","Narco-Saints","flixpatrol.com/title/narco-saints/",1,1,0,7.3,23,1,10,0,1,0,0,1,0,1,0,0,0,0,0,0,1,0
"218","Never Have I Ever","flixpatrol.com/title/never-have-i-ever/",1,4,0,7.8,28.75,3,5,1,1,1,0,0,0,0,0,0,0,0,0,1,0,0
"219","No Limit","flixpatrol.com/title/no-limit-2022/",1,1,1,5.8,23,0,10,0,1,0,0,0,0,1,1,0,0,0,0,0,1,0
"220","Oblivion","flixpatrol.com/title/oblivion/",0,1,1,7,27,1,3,0,0,0,0,1,1,0,0,0,0,0,0,1,0,0
"221","Oddballs","flixpatrol.com/title/oddballs-2022/",1,1,0,6.4,24,5,6,0,0,1,1,1,0,0,0,0,0,0,1,0,0,0
"222","Old School","flixpatrol.com/title/old-school/",0,1,1,7,46,3,1,0,0,1,0,0,0,0,0,0,1,0,0,1,0,1
"223","Operation Mincemeat","flixpatrol.com/title/operation-mincemeat/",0,2,1,6.6,36,4,3,0,1,0,0,0,0,0,0,0,0,0,0,1,0,0
"224","Ouija: Origin of Evil","flixpatrol.com/title/ouija-origin-of-evil/",0,1,1,6.2,32,2,6,1,1,0,0,0,0,1,0,0,0,0,0,1,0,0
"225","Our Father","flixpatrol.com/title/our-father-2022/",1,3,1,6.6,20.6666666666667,2.66666666666667,3,0,0,0,0,0,0,1,0,0,0,0,0,0,1,0
"226","Our Great National Parks","flixpatrol.com/title/our-great-national-parks/",1,1,0,8.1,31,7,7,0,0,0,0,0,0,0,0,1,0,0,1,0,0,0
"227","Our Universe","flixpatrol.com/title/our-universe/",1,1,0,7.6,28,9,0,0,0,0,0,0,0,0,0,1,0,0,1,0,0,0
"228","Outlander","flixpatrol.com/title/outlander-2014/",0,2,0,8.4,46,4,3,1,1,0,0,0,0,0,1,0,0,0,1,0,1,0
"229","Ozark","flixpatrol.com/title/ozark/",1,14,0,8.5,22.0714285714286,5.85714285714286,3,1,1,0,0,0,0,1,0,0,0,0,0,0,1,0
"230","Pan","flixpatrol.com/title/pan/",0,1,1,5.8,20,1,2,0,0,1,1,1,0,0,1,0,0,0,1,0,0,0
"231","Partner Track","flixpatrol.com/title/partner-track/",1,3,0,6.7,23.6666666666667,3.66666666666667,7,0,1,0,0,0,0,0,0,0,0,0,0,0,1,0
"232","Peaky Blinders","flixpatrol.com/title/peaky-blinders/",0,2,0,8.8,24.5,6,1,1,1,0,0,0,0,1,0,0,0,0,0,0,1,0
"233","Pepsi, Where's My Jet?","flixpatrol.com/title/pepsi-wheres-my-jet/",1,2,0,7,19,8,1,0,0,0,0,0,0,0,0,1,0,0,0,0,1,0
"234","Persuasion","flixpatrol.com/title/persuasion-2022/",1,3,1,5.8,20,2,1,0,1,0,0,0,0,0,1,0,0,0,1,0,0,0
"235","Pervert: Hunting the Strip Search Caller","flixpatrol.com/title/pervert-hunting-the-strip-search-caller-2022/",1,1,0,6.8,7,4,2,0,0,0,0,0,0,0,0,1,0,0,0,0,0,1
"236","Pieces of Her","flixpatrol.com/title/pieces-of-her/",1,5,0,6.3,20.4,3.6,9,0,1,0,0,0,0,1,0,0,0,0,0,0,1,0
"237","Prisoners","flixpatrol.com/title/prisoners/",0,3,1,8.1,10.6666666666667,2.33333333333333,2,0,1,0,0,0,0,1,0,0,1,0,0,0,0,0
"238","Purple Hearts","flixpatrol.com/title/purple-hearts/",1,4,1,6.7,29.75,1.75,3,0,1,0,0,0,0,0,1,0,0,0,0,1,0,0
"239","Queen of the South","flixpatrol.com/title/queen-of-the-south/",0,3,0,8,20.3333333333333,1.66666666666667,8,1,1,0,0,1,0,1,0,0,0,0,0,0,1,0
"240","Queer Eye","flixpatrol.com/title/queer-eye/",1,3,0,8.5,39,3.5,1,1,0,0,0,0,0,0,0,1,0,0,0,1,0,0
"241","R.I.P.D. 2: Rise of the Damned","flixpatrol.com/title/ripd-2-rise-of-the-damned/",0,1,1,4.5,22,0,1,1,0,1,0,1,1,0,0,0,0,0,0,1,0,0
"242","Raising Dion","flixpatrol.com/title/raising-dion/",1,3,0,7.1,5.66666666666667,0,5,1,1,0,0,0,1,0,0,0,0,1,0,0,0,0
"243","Rambo","flixpatrol.com/title/rambo/",0,1,1,7,30,6,4,0,0,0,0,1,0,1,0,0,1,0,0,0,1,0
"244","Rambo: Last Blood","flixpatrol.com/title/rambo-last-blood/",0,1,1,6.1,7,3,4,1,0,0,0,1,0,1,0,0,1,0,0,0,0,0
"245","Rescued by Ruby","flixpatrol.com/title/rescued-by-ruby/",1,2,1,7.1,4,0,11,0,1,0,1,0,0,0,0,0,0,1,0,0,0,0
"246","Resident Evil","flixpatrol.com/title/resident-evil-2022/",1,3,0,6.6,12.6666666666667,4.66666666666667,1,0,0,0,0,1,1,0,0,0,1,0,0,0,0,0
"247","Restless","flixpatrol.com/title/restless-2022/",1,2,1,5.2,38,0.5,8,0,1,0,0,0,0,0,1,0,0,0,0,1,0,0
"248","Rise of the Guardians","flixpatrol.com/title/rise-of-the-guardians/",0,1,1,7.2,29,1,1,0,1,1,1,1,0,0,0,0,0,0,1,0,0,0
"249","Riverdale","flixpatrol.com/title/riverdale/",0,2,0,6.6,30,1,5,1,1,0,0,0,0,1,1,0,0,0,0,1,0,0
"250","Riverdance: The Animated Adventure","flixpatrol.com/title/riverdance-the-animated-adventure/",1,1,1,5.5,4,2,3,0,0,1,1,1,0,0,0,0,0,1,0,0,0,0
"251","Roald Dahl's Matilda the Musical","flixpatrol.com/title/roald-dahls-matilda-the-musical/",1,1,1,7.1,28,2,0,0,1,1,1,0,0,0,0,0,0,0,1,0,0,0
"252","Robin Hood","flixpatrol.com/title/robin-hood-2018/",0,1,1,6.6,28,2,7,0,1,0,0,1,0,0,0,0,0,0,0,1,0,0
"253","RRR","flixpatrol.com/title/rrr/",0,2,1,7.9,4,1.5,1,0,1,0,0,1,0,0,0,0,0,0,0,0,0,1
"254","Running with the Devil: The Wild World of John McAfee","flixpatrol.com/title/running-with-the-devil-the-wild-world-of-john-mcafee/",1,1,1,5.9,23,0,7,0,0,0,0,0,0,1,0,0,0,0,0,0,1,0
"255","Rush Hour","flixpatrol.com/title/rush-hour/",0,1,1,7,28,1,7,0,0,1,0,1,0,1,0,0,0,0,0,1,0,0
"256","Rush Hour 2","flixpatrol.com/title/rush-hour-2/",0,1,1,6.6,28,1,7,1,0,1,0,1,0,1,0,0,0,0,0,1,0,0
"257","Scooby-Doo 2: Monsters Unleashed","flixpatrol.com/title/scooby-doo-2-monsters-unleashed/",0,1,1,5.2,33,0,6,1,0,1,1,1,1,1,0,0,0,1,1,0,0,0
"258","Selling Sunset","flixpatrol.com/title/selling-sunset/",1,4,0,6.5,21,4.25,6,1,0,0,0,0,0,0,0,1,0,0,0,0,1,0
"259","Selling The OC","flixpatrol.com/title/selling-the-oc/",1,2,0,5.5,23.5,8.5,7,0,0,0,0,0,0,0,0,1,0,0,0,0,1,0
"260","Senior Year","flixpatrol.com/title/senior-year/",1,4,1,5.5,8.75,2.75,3,0,1,1,0,0,0,0,0,0,1,0,0,0,0,0
"261","Shania Twain: Not Just a Girl","flixpatrol.com/title/shania-twain-not-just-a-girl/",0,1,1,7,5,4,3,0,0,0,0,0,0,0,0,1,0,0,0,0,0,1
"262","Sherlock Holmes: A Game of Shadows","flixpatrol.com/title/sherlock-holmes-a-game-of-shadows/",0,1,1,7.4,35,1,9,1,0,0,0,1,0,1,0,0,0,0,0,1,0,0
"263","Shooter","flixpatrol.com/title/shooter/",0,1,1,7.5,35,2,10,0,1,0,0,1,0,0,0,0,0,0,0,1,0,0
"264","Shrek","flixpatrol.com/title/shrek/",0,7,1,7.9,25.8571428571429,0.142857142857143,9,0,0,1,1,1,0,0,1,0,0,0,1,0,0,0
"265","Shrek 2","flixpatrol.com/title/shrek-2/",0,6,1,7.3,31.1666666666667,0.333333333333333,9,1,0,1,1,1,0,0,1,0,0,1,1,0,0,0
"266","Shrek Forever After","flixpatrol.com/title/shrek-forever-after/",0,5,1,6.3,26.2,0,9,0,0,1,1,1,0,0,1,0,0,0,1,0,0,0
"267","Side Effects","flixpatrol.com/title/side-effects/",0,1,1,7.1,7,2,0,0,1,0,0,0,0,1,0,0,1,0,0,0,0,0
"268","Silverton Siege","flixpatrol.com/title/silverton-siege/",0,1,1,6.3,23,6,5,0,1,0,0,1,0,1,0,0,0,0,0,0,1,0
"270","Sins of Our Mother","flixpatrol.com/title/sins-of-our-mother/",1,2,0,7,35,2,10,0,0,0,0,0,0,1,0,0,0,0,0,1,0,0
"271","Slumberland","flixpatrol.com/title/slumberland/",1,2,1,6.7,28,0,1,0,0,1,1,1,0,0,0,0,0,0,1,0,0,0
"272","Snack vs Chef","flixpatrol.com/title/snack-vs-chef/",1,2,0,5.4,26,8,2,0,0,0,0,0,0,0,0,1,0,0,1,0,0,0
"273","Snow White & the Huntsman","flixpatrol.com/title/snow-white-the-huntsman/",0,1,1,6.1,25,6,8,1,1,0,0,1,0,0,0,0,0,0,0,1,0,0
"274","Snowflake Mountain","flixpatrol.com/title/snowflake-mountain/",1,1,0,5.5,22,4,1,0,0,0,0,0,0,0,0,1,0,0,0,0,1,0
"275","Sonic Prime","flixpatrol.com/title/sonic-prime/",0,2,0,7.3,25.5,0,2,0,0,1,1,1,1,0,1,0,0,0,1,0,0,0
"276","Space Force","flixpatrol.com/title/space-force/",1,1,0,6.7,21,4,8,1,0,1,0,0,0,0,0,0,0,0,0,0,1,0
"277","Spider-Man 2","flixpatrol.com/title/spider-man-2/",0,1,1,7.4,50,10,4,1,0,0,0,1,1,0,0,0,0,0,1,1,0,0
"278","Spiderhead","flixpatrol.com/title/spiderhead/",1,3,1,5.4,11,0,2,0,1,0,0,1,1,1,0,0,1,0,0,0,0,0
"279","St. Vincent","flixpatrol.com/title/st-vincent/",0,2,1,7.2,38.5,2.5,7,0,1,1,0,0,0,0,0,0,0,0,0,1,0,0
"280","Stay Close","flixpatrol.com/title/stay-close/",1,4,0,6.9,18.3333333333333,4.66666666666667,1,0,1,0,0,0,0,1,0,0,0,0,0,0,1,0
"281","Storks","flixpatrol.com/title/storks/",0,2,1,6.8,35.5,7,2,0,0,1,1,1,0,0,0,0,0,1,1,0,0,0
"282","Stranger Things","flixpatrol.com/title/stranger-things/",1,16,0,8.7,30.0625,0.9375,1,1,1,0,0,0,1,1,0,0,0,0,0,1,0,0
"283","Sweet Magnolias","flixpatrol.com/title/sweet-magnolias/",1,5,0,7.3,33.2,0.8,5,1,1,0,0,0,0,0,1,0,0,0,0,1,0,0
"284","Tall Girl 2","flixpatrol.com/title/tall-girl-2/",1,2,1,4.7,21.5,0,6,1,1,1,1,0,0,0,1,0,0,0,1,0,0,0
"286","Texas Chainsaw Massacre","flixpatrol.com/title/texas-chainsaw-massacre/",1,2,1,4.7,12.5,0,7,0,0,0,0,0,0,1,0,0,1,0,0,0,0,0
"287","That's Amor","flixpatrol.com/title/thats-amor/",1,1,1,5.3,25,0,8,0,0,1,0,0,0,0,1,0,0,0,0,1,0,0
"288","That's My Boy","flixpatrol.com/title/thats-my-boy/",0,1,1,5.5,16,2,5,0,0,1,0,0,0,0,0,0,1,0,0,0,0,0
"289","The Adam Project","flixpatrol.com/title/the-adam-project/",1,8,1,6.7,34.625,2.5,10,0,0,1,0,1,1,0,0,0,0,0,0,1,0,0
"290","The Age of Adaline","flixpatrol.com/title/the-age-of-adaline/",0,1,1,7.2,29,2,4,0,1,0,0,0,0,0,1,0,0,0,0,1,0,0
"291","The Amazing Spider-Man","flixpatrol.com/title/the-amazing-spider-man/",0,3,1,6.9,60.6666666666667,6.66666666666667,0,1,0,0,0,1,1,0,0,0,0,0,1,1,0,0
"292","The Bad Guys","flixpatrol.com/title/the-bad-guys-2022/",0,5,1,6.8,26.4,1.6,3,0,0,1,1,1,0,1,0,0,0,0,1,0,0,0
"293","The Best of Me","flixpatrol.com/title/the-best-of-me/",0,1,1,6.6,30,4,2,0,1,0,0,0,0,0,1,0,0,0,0,1,0,0
"294","The Blacklist","flixpatrol.com/title/the-blacklist/",0,3,0,8,45.6666666666667,4,7,1,1,0,0,0,0,1,0,0,0,0,0,1,1,0
"295","The Blind Side","flixpatrol.com/title/the-blind-side/",0,4,1,7.6,59.5,13.5,9,0,1,0,0,0,0,0,0,0,0,0,1,1,0,0
"296","The Boss Baby: Back in the Crib","flixpatrol.com/title/the-boss-baby-back-in-the-crib/",1,2,0,6.1,29,8,2,0,0,1,1,1,0,0,0,0,0,0,1,0,0,0
"297","The Bubble","flixpatrol.com/title/the-bubble-2022/",1,2,1,4.7,8.5,4,9,0,0,1,0,0,0,0,0,0,1,0,0,0,0,0
"298","The Call","flixpatrol.com/title/the-call/",1,1,1,8.6,63,12,7,0,1,0,0,0,0,0,0,0,0,0,1,1,0,0
"299","The Chalk Line","flixpatrol.com/title/the-chalk-line/",1,1,1,6.1,6,9,4,0,0,0,0,0,0,1,0,0,0,0,0,0,0,1
"300","The Christmas Chronicles","flixpatrol.com/title/the-christmas-chronicles/",1,4,1,7,26,1,1,0,0,1,1,1,0,0,0,0,0,0,1,0,0,0
"301","The Circle","flixpatrol.com/title/the-circle-2020/",1,4,0,5.3,34.2,0,4,1,1,0,0,0,1,1,0,0,0,0,0,1,0,0
"302","The Crown","flixpatrol.com/title/the-crown/",1,3,0,8.6,21.2,4.8,10,0,1,0,0,0,0,0,0,0,0,0,0,0,1,0
"303","The Cuphead Show!","flixpatrol.com/title/the-cuphead-show/",1,2,0,7.4,21.5,4.5,7,0,0,1,1,1,0,0,0,0,0,0,1,0,0,0
"304","The Curse of Bridge Hollow","flixpatrol.com/title/the-curse-of-bridge-hollow/",1,3,1,5.5,27.3333333333333,0,6,0,0,1,1,1,0,0,0,0,0,0,0,1,0,0
"305","The Dark Knight Rises","flixpatrol.com/title/the-dark-knight-rises/",0,2,1,8.4,28.5,2.5,0,0,1,0,0,1,0,1,0,0,0,0,0,1,0,0
"306","The Empress","flixpatrol.com/title/the-empress/",1,3,0,7.8,17,1.33333333333333,8,0,1,0,0,0,0,0,1,0,0,0,0,0,1,0
"307","The Flash","flixpatrol.com/title/the-flash-2014/",0,1,0,7.5,18,0,1,1,1,0,0,1,1,0,0,0,0,0,1,0,0,0
"308","The Gentlemen","flixpatrol.com/title/the-gentlemen/",0,1,1,7.8,7,0,4,0,0,1,0,1,0,1,0,0,1,0,0,0,0,0
"309","The God Committee","flixpatrol.com/title/the-god-committee/",0,1,1,5.8,3,8,3,0,1,0,0,0,0,0,0,0,0,0,0,0,0,1
"310","The Good Nurse","flixpatrol.com/title/the-good-nurse/",1,3,1,6.8,13.6666666666667,1.66666666666667,4,0,1,0,0,0,0,1,0,0,1,0,0,0,0,0
"311","The Gray Man","flixpatrol.com/title/the-gray-man-2022/",1,6,1,6.5,29.1666666666667,2.16666666666667,2,0,0,0,0,1,0,1,0,0,0,0,0,1,0,0
"312","The Great British Bake Off","flixpatrol.com/title/the-great-british-bake-off/",0,3,0,8.6,23,4.33333333333333,8,1,0,0,0,0,0,0,0,1,0,0,1,0,0,0
"313","The Green Mile","flixpatrol.com/title/the-green-mile/",0,1,1,8.6,45,8,10,0,1,0,0,0,0,1,0,0,1,0,0,1,0,0
"314","The Hangover","flixpatrol.com/title/the-hangover/",0,2,1,7.7,48.5,12,6,0,0,1,0,0,0,0,0,0,1,0,0,1,0,1
"315","The Hurt Locker","flixpatrol.com/title/the-hurt-locker/",0,1,1,7.5,6,3,1,0,1,0,0,0,0,1,0,0,1,0,0,0,0,0
"316","The Imperfects","flixpatrol.com/title/the-imperfects/",1,2,0,6.4,23.5,0.5,9,0,1,0,0,1,1,1,0,0,0,0,0,0,1,0
"317","The Informer","flixpatrol.com/title/the-informer/",0,2,1,6.6,9,1.5,5,0,1,0,0,1,0,1,0,0,1,0,0,0,0,0
"318","The Invitation","flixpatrol.com/title/the-invitation-2022/",0,2,1,5.3,32,1.5,1,0,0,0,0,0,0,1,0,0,0,0,0,1,0,0
"319","The Last Kingdom","flixpatrol.com/title/the-last-kingdom/",1,4,0,8.5,20,1,10,1,1,0,0,1,0,0,0,0,0,0,0,0,1,0
"320","The Lincoln Lawyer","flixpatrol.com/title/the-lincoln-lawyer-2022/",1,5,0,7.7,22.2,6.2,3,0,1,0,0,0,0,1,0,0,0,0,0,0,1,0
"321","The Longest Yard","flixpatrol.com/title/the-longest-yard-2005/",0,2,1,6.4,39,0.5,1,0,0,1,0,0,0,1,0,0,0,0,0,1,0,0
"322","The Lost Daughter","flixpatrol.com/title/the-lost-daughter/",0,2,1,6.7,8,4,1,0,1,0,0,0,0,0,0,0,1,0,0,0,0,0
"323","The Lucky One","flixpatrol.com/title/the-lucky-one/",0,1,1,6.4,26,0,5,0,1,0,0,0,0,1,1,0,0,0,0,1,0,0
"324","The Man From Toronto","flixpatrol.com/title/the-man-from-toronto/",1,6,1,5.8,29.3333333333333,1.5,2,0,0,1,0,1,0,1,0,0,0,0,0,1,0,0
"325","The Marked Heart","flixpatrol.com/title/the-marked-heart/",1,3,0,6.5,21.6666666666667,1.66666666666667,6,0,1,0,0,0,0,1,0,0,0,0,0,0,1,0
"326","The Midnight Club","flixpatrol.com/title/the-midnight-club/",1,3,0,6.5,18.3333333333333,4,7,0,1,0,0,0,0,1,0,0,0,0,0,0,1,0
"327","The Mist","flixpatrol.com/title/the-mist/",0,2,1,7.1,43,0,2,0,0,0,0,0,1,1,0,0,1,0,0,1,0,0
"328","The Mole","flixpatrol.com/title/the-mole-2022/",1,1,0,7.6,21,2,5,0,0,0,0,1,0,1,0,0,0,0,0,0,1,0
"329","The Mortal Instruments: City of Bones","flixpatrol.com/title/the-mortal-instruments-city-of-bones/",0,1,1,5.8,31,0,9,0,0,0,0,1,0,1,1,0,0,0,0,1,0,0
"330","The Most Hated Man on the Internet","flixpatrol.com/title/the-most-hated-man-on-the-internet/",1,2,0,6.8,25,2,3,0,0,0,0,0,0,1,0,0,0,0,0,0,1,0
"331","The Munsters","flixpatrol.com/title/the-munsters-2022/",0,1,1,4.5,20,0,8,0,0,1,1,0,1,0,0,0,0,0,1,0,0,0
"332","The Mystery of Marilyn Monroe: The Unheard Tapes","flixpatrol.com/title/the-mystery-of-marilyn-monroe-the-unheard-tapes/",1,1,1,6.2,33,5,5,0,0,0,0,0,0,0,0,1,0,0,0,1,0,0
"333","The Next 365 Days","flixpatrol.com/title/the-next-365-days/",1,2,1,2.7,25.5,1,6,0,1,0,0,0,0,0,1,0,0,0,0,0,1,0
"334","The Nice Guys","flixpatrol.com/title/the-nice-guys/",0,1,1,7.3,11,0,5,0,0,1,0,1,0,1,0,0,1,0,0,0,0,0
"335","The Noel Diary","flixpatrol.com/title/the-noel-diary/",1,3,1,6.1,25.5,3,0,0,1,1,0,0,0,0,1,0,0,0,0,1,0,0
"336","The Other Guys","flixpatrol.com/title/the-other-guys/",0,1,1,6.6,48,4,6,0,0,1,0,1,0,1,0,0,0,0,0,1,1,0
"337","The Poison Rose","flixpatrol.com/title/the-poison-rose-2019/",0,1,1,4.7,12,2,9,0,0,0,0,0,0,1,0,0,1,0,0,0,0,0
"338","The Recruit","flixpatrol.com/title/the-recruit-2022/",1,3,0,7.4,17.6666666666667,1,2,0,1,0,0,1,0,1,0,0,0,0,0,0,1,0
"339","The Redeem Team","flixpatrol.com/title/the-redeem-team/",1,2,1,7.4,17,4.5,7,0,0,0,0,0,0,0,0,1,0,0,0,0,1,0
"340","The Royal Hunt of the Sun","flixpatrol.com/title/the-royal-hunt-of-the-sun/",1,2,0,6.1,13,2,2,0,1,0,0,1,0,0,0,0,0,1,0,0,0,0
"341","The Royal Treatment","flixpatrol.com/title/the-royal-treatment/",1,2,1,5.2,23,0,3,0,0,1,1,0,0,0,1,0,0,0,1,0,0,0
"342","The Sandman","flixpatrol.com/title/the-sandman-2022/",1,6,0,7.7,25,1,4,0,1,0,0,0,1,1,0,0,0,0,0,0,1,0
"343","The School for Good and Evil","flixpatrol.com/title/the-school-for-good-and-evil/",1,3,1,5.8,27.3333333333333,0,5,0,1,1,0,1,0,0,0,0,0,0,0,1,0,0
"344","The Sea Beast","flixpatrol.com/title/the-sea-beast/",1,4,1,7,20,7,0,0,0,1,1,1,0,0,0,0,0,0,1,0,0,0
"345","The Sinner","flixpatrol.com/title/the-sinner/",0,3,0,7.9,20.3333333333333,2,6,1,1,0,0,0,0,1,0,0,0,0,0,0,1,0
"346","The Stranger","flixpatrol.com/title/the-stranger-2022/",1,2,1,6.6,21.5,2.5,5,0,1,0,0,0,0,1,0,0,0,0,0,0,1,0
"347","The Swimmers","flixpatrol.com/title/the-swimmers-2022/",1,1,1,7.4,22,3,0,0,1,0,0,0,0,0,0,0,0,0,0,1,0,0
"348","The Takedown","flixpatrol.com/title/the-takedown/",1,1,1,5.7,19,1,3,0,1,1,0,1,0,1,0,0,0,0,0,0,1,0
"349","The Takeover","flixpatrol.com/title/the-takeover/",1,1,1,5.2,24,0,3,0,0,0,0,1,0,1,0,0,0,0,0,0,1,0
"350","The Tinder Swindler","flixpatrol.com/title/the-tinder-swindler/",1,4,1,7.1,20.75,0.75,5,0,0,0,0,0,0,1,0,0,0,0,0,0,1,0
"351","The Town","flixpatrol.com/title/the-town/",0,2,1,7.5,8,4.5,1,0,1,0,0,0,0,1,0,0,1,0,0,0,0,0
"352","The Ultimatum: Marry or Move On","flixpatrol.com/title/the-ultimatum-marry-or-move-on/",1,4,0,5.5,21,6.5,8,0,0,0,0,0,0,0,0,1,0,0,0,0,1,0
"353","The Umbrella Academy","flixpatrol.com/title/the-umbrella-academy/",1,4,0,7.9,53.5,0.5,2,1,1,1,0,1,1,0,0,0,0,0,0,1,1,0
"354","The Unbroken Voice","flixpatrol.com/title/the-unbroken-voice/",0,4,0,7.6,8,4,2,0,1,0,0,0,0,0,0,0,0,0,0,0,0,1
"355","The UnXplained","flixpatrol.com/title/the-unxplained/",0,2,0,7.2,25.5,4.5,1,0,0,0,0,0,0,0,0,1,0,0,0,1,0,0
"356","The Volcano: Rescue from Whakaari","flixpatrol.com/title/the-volcano-rescue-from-whakaari/",1,2,1,7.3,32,6,2,0,0,0,0,0,0,0,0,1,0,0,0,1,0,0
"357","The Watcher","flixpatrol.com/title/the-watcher-2022/",1,5,0,6.5,21.2,3.8,6,0,1,0,0,0,0,1,0,0,0,0,0,0,1,0
"358","The Weekend Away","flixpatrol.com/title/the-weekend-away/",1,2,1,5.6,36,4.5,9,0,1,0,0,0,0,1,0,0,0,0,0,1,0,0
"359","The Witcher","flixpatrol.com/title/the-witcher/",1,6,0,8.1,18.3333333333333,0.333333333333333,1,1,1,0,0,1,0,1,0,0,0,0,0,0,1,0
"360","The Witcher: Blood Origin","flixpatrol.com/title/the-witcher-blood-origin/",1,1,0,4.7,17,3,0,0,1,0,0,1,0,1,0,0,0,0,0,0,1,0
"361","The Woman in the House Across the Street from the Girl in the Window","flixpatrol.com/title/the-woman-in-the-house-across-the-street-from-the-girl-in-the-window/",1,3,0,6.4,21.3333333333333,0,4,0,1,1,0,0,0,1,0,0,0,0,0,0,1,0
"362","The Wonder","flixpatrol.com/title/the-wonder/",1,2,1,6.6,10,3,1,0,1,0,0,0,0,1,0,0,1,0,0,0,0,0
"363","This Is 40","flixpatrol.com/title/this-is-40/",0,2,1,6.2,12,0,8,0,1,1,0,0,0,0,1,0,1,0,0,0,0,0
"364","This Is the End","flixpatrol.com/title/this-is-the-end/",0,2,1,6.6,36,9,10,0,0,1,0,0,0,0,0,0,1,0,0,0,1,0
"365","Through My Window","flixpatrol.com/title/through-my-window/",1,1,1,5.4,22,2,6,0,1,1,0,0,0,0,1,0,0,0,0,0,1,0
"366","Tides","flixpatrol.com/title/tides/",0,1,1,5.4,8,1,2,0,0,0,0,1,1,1,0,0,1,0,0,0,0,0
"367","Titanic","flixpatrol.com/title/titanic-1997/",0,6,1,7.9,59.5,1,1,0,1,0,0,0,0,0,1,0,0,0,1,1,0,0
"368","Too Hot to Handle","flixpatrol.com/title/too-hot-to-handle/",1,3,0,4.7,19.6,0.6,3,1,0,0,0,0,0,0,1,0,0,0,0,0,1,0
"369","Too Old for Fairy Tales","flixpatrol.com/title/too-old-for-fairy-tales/",1,1,1,6.2,5,0,3,0,0,1,1,0,0,0,0,0,0,0,0,0,0,1
"370","Top Boy","flixpatrol.com/title/top-boy-2019/",1,1,0,8.4,23,6,10,1,1,0,0,0,0,1,0,0,0,0,0,0,1,1
"371","Top Gun","flixpatrol.com/title/top-gun/",0,2,1,8.3,31.5,1.5,1,0,1,0,0,1,0,0,0,0,0,0,0,1,0,0
"372","Toscana","flixpatrol.com/title/toscana/",1,1,1,5.7,22,1,1,0,1,0,0,0,0,0,1,0,0,0,0,0,1,0
"373","Tower Heist","flixpatrol.com/title/tower-heist/",0,1,1,6.2,29,0,4,0,0,1,0,1,0,1,0,0,0,0,0,1,0,0
"374","Trainwreck: Woodstock '99","flixpatrol.com/title/trainwreck-woodstock-99/",0,2,0,7.4,25.5,5,4,0,0,0,0,0,0,0,0,1,0,0,0,0,1,0
"375","Transformers: Dark of the Moon","flixpatrol.com/title/transformers-dark-of-the-moon/",0,2,1,6.2,26,6,5,1,0,0,0,1,1,0,0,0,0,0,0,1,0,0
"376","Transformers: Revenge of the Fallen","flixpatrol.com/title/transformers-revenge-of-the-fallen/",0,1,1,5.9,26,5,5,1,0,0,0,1,1,0,0,0,0,0,0,1,0,0
"377","Treason","flixpatrol.com/title/treason/",1,1,0,6.3,17,3,0,0,1,0,0,1,0,1,0,0,0,0,0,0,1,0
"378","Troll","flixpatrol.com/title/troll-2022/",1,2,1,5.8,29,3,2,0,1,0,0,1,0,1,0,0,0,0,0,1,0,0
"379","Trolls","flixpatrol.com/title/trolls/",0,2,1,6.4,38.5,0,1,0,0,1,1,1,0,0,1,0,0,1,1,0,0,0
"380","Trust No One: The Hunt for the Crypto King","flixpatrol.com/title/trust-no-one-the-hunt-for-the-crypto-king/",1,1,1,6.3,22,1,9,0,0,0,0,0,0,1,0,0,0,0,0,0,1,0
"381","Tyler Perry's A Madea Homecoming","flixpatrol.com/title/tyler-perrys-a-madea-homecoming/",1,4,1,5.6,20,2.5,8,0,1,1,0,0,0,0,1,0,0,0,0,0,1,0
"382","U.S. Marshals","flixpatrol.com/title/us-marshals/",0,2,1,6.5,38.5,3,4,0,0,0,0,1,0,1,0,0,0,0,0,1,0,0
"383","Uncharted","flixpatrol.com/title/uncharted/",0,4,1,6.3,29.75,0.25,4,0,0,0,0,1,0,0,0,0,0,0,0,1,0,0
"384","Uncoupled","flixpatrol.com/title/uncoupled/",1,1,0,7,25,1,4,0,1,1,0,0,0,0,1,0,0,0,0,0,1,0
"385","Under Suspicion","flixpatrol.com/title/under-suspicion-2000/",0,1,1,6.4,45,10,3,0,1,0,0,0,0,1,0,0,1,0,0,1,0,0
"386","Unsolved Mysteries","flixpatrol.com/title/unsolved-mysteries-2020/",1,2,0,7.3,21.5,7,5,1,0,0,0,0,0,1,0,0,0,0,0,0,1,0
"387","Untold: The Girlfriend Who Didn't Exist","flixpatrol.com/title/untold-the-girlfriend-who-didnt-exist/",1,2,1,7.2,25.5,7.5,6,1,0,0,0,0,0,0,0,1,0,0,0,0,1,0
"388","Untold: The Rise and Fall of AND1","flixpatrol.com/title/untold-the-rise-and-fall-of-and1/",1,1,1,6.8,23,8,7,1,0,0,0,0,0,0,0,1,0,0,0,0,1,0
"389","Vikings: Valhalla","flixpatrol.com/title/vikings-valhalla/",1,3,0,7.3,21,0,8,0,1,0,0,1,0,0,1,0,0,0,0,0,1,0
"390","Virgin River","flixpatrol.com/title/virgin-river/",1,7,0,7.4,28.5714285714286,1.57142857142857,2,1,1,0,0,0,0,0,1,0,0,0,0,1,0,0
"391","Wanted","flixpatrol.com/title/wanted-2009/",0,1,1,6.7,63,12,0,0,0,0,0,1,0,1,0,0,1,0,0,1,1,0
"392","War of the Worlds","flixpatrol.com/title/war-of-the-worlds/",0,1,1,6.5,36,6,4,0,0,0,0,1,1,0,0,0,0,0,0,1,0,0
"393","Warrior","flixpatrol.com/title/warrior-2015/",0,1,1,8.2,26,1,6,0,1,0,0,1,0,0,0,0,0,0,0,1,0,0
"394","Warrior Nun","flixpatrol.com/title/warrior-nun/",1,2,0,7,20,1.5,2,1,1,0,0,1,0,0,0,0,0,0,0,0,1,0
"395","We Die Young","flixpatrol.com/title/we-die-young-2019/",0,1,1,5.2,10,1,0,0,1,0,0,1,0,1,0,0,1,0,0,0,0,0
"396","Wedding Season","flixpatrol.com/title/wedding-season/",1,2,1,6.3,24,0.5,4,0,0,1,0,0,0,0,1,0,0,0,1,0,0,0
"397","Wednesday","flixpatrol.com/title/wednesday/",1,6,0,8.1,29,0.2,0,0,0,1,0,0,0,1,0,0,0,0,0,1,0,0
"398","Welcome to Eden","flixpatrol.com/title/welcome-to-eden/",1,1,0,5.5,19,2,3,0,1,0,0,1,1,1,0,0,0,0,0,0,1,0
"399","Where the Crawdads Sing","flixpatrol.com/title/where-the-crawdads-sing/",0,3,1,7.2,23,0,2,0,1,0,0,0,0,1,1,0,0,0,0,1,0,0
"400","White Hot: The Rise & Fall of Abercrombie & Fitch","flixpatrol.com/title/white-hot-the-rise-fall-of-abercrombie-fitch/",1,2,1,5.7,32.5,4.5,6,0,0,0,0,0,0,0,0,1,0,0,0,1,0,0
"401","White Noise","flixpatrol.com/title/white-noise-2022/",1,1,1,5.7,7,0,0,0,1,1,0,0,0,1,0,0,1,0,0,0,0,0
"402","Who Killed Sara?","flixpatrol.com/title/who-killed-sara/",1,1,0,6.4,21,9,2,1,1,0,0,0,0,1,0,0,0,0,0,0,1,0
"403","Wild Card","flixpatrol.com/title/wild-card-2015/",0,2,1,5.6,14.5,1,1,0,1,0,0,1,0,1,0,0,1,0,0,0,0,0
"404","Windfall","flixpatrol.com/title/windfall/",1,2,1,5.7,7,3,11,0,1,0,0,0,0,1,0,0,1,0,0,0,0,0
"405","Without a Paddle","flixpatrol.com/title/without-a-paddle/",0,2,1,5.8,32,0,8,0,0,1,0,1,0,1,0,0,0,0,0,1,0,0
"406","Workin' Moms","flixpatrol.com/title/workin-moms/",1,2,0,7.8,20,2,3,1,1,1,0,0,0,0,0,0,0,0,0,0,1,0
"407","Worst Roommate Ever","flixpatrol.com/title/worst-roommate-ever/",1,3,0,7,19.6666666666667,1.66666666666667,9,0,0,0,0,0,0,1,0,0,0,0,0,0,1,0
"408","Wrong Side of the Tracks","flixpatrol.com/title/wrong-side-of-the-tracks/",1,3,0,4.9,4.33333333333333,1.33333333333333,2,0,0,0,0,0,0,0,0,1,0,0,0,0,0,1
